Name,WHO.Region,Cases_cumulative.total,Cases_cumulative.total.per.100000.population,Cases_newly.reported.in.last.7.days,Cases_newly.reported.in.last.7.days.per.100000.population,Cases_newly.reported.in.last.24.hours,Death_cumulative.total,Deaths_cumulative.total.per.100000.population,Deaths_newly.reported.in.last.7.days,Deaths_newly.reported.in.last.7.days.per.100000.population,Deaths_newly.reported.in.last.24.hours,DATE_UPDATED,TOTAL_VACCINATIONS,PERSONS_VACCINATED_1PLUS_DOSE,TOTAL_VACCINATIONS_PER100,PERSONS_VACCINATED_1PLUS_DOSE_PER100,PERSONS_FULLY_VACCINATED,PERSONS_FULLY_VACCINATED_PER100,VACCINES_USED,FIRST_VACCINE_DATE,NUMBER_VACCINES_TYPES_USED,PERSONS_BOOSTER_ADD_DOSE,PERSONS_BOOSTER_ADD_DOSE_PER100
Afghanistan,Eastern Mediterranean,202993,521.453,844,2.168,159,7821,20.091,3,0.008,0,10/24/2022,12055358,11084618,30.968,28.474,10386823,26.682,"AstraZeneca - Vaxzevria,Beijing CNBG - BBIBP-CorV,Bharat - Covaxin,CanSino - Convidecia,Gamaleya - Gam-Covid-Vac,Gamaleya - Sputnik-Light,Janssen - Ad26.COV 2-S,Moderna - Spikevax,Pfizer BioNTech - Comirnaty,SII - Covishield,Sinovac - CoronaVac",2/22/2021,11,NA,NA
Albania,Europe,331800,11529.641,174,6.046,17,3593,124.852,1,0.035,0,10/16/2022,2991576,1339100,104,47.053,1265900,44.481,"AstraZeneca - Vaxzevria,Gamaleya - Gam-Covid-Vac,Pfizer BioNTech - Comirnaty,SII - Covishield,Sinovac - CoronaVac",1/13/2021,5,363122,12.759
Algeria,Africa,270836,617.627,59,0.135,7,6881,15.692,0,0,0,9/4/2022,15267442,7840131,34.817,17.879,6481186,14.78,"Beijing CNBG - BBIBP-CorV,Gamaleya - Gam-Covid-Vac,SII - Covishield,Sinovac - CoronaVac",1/30/2021,4,575651,1.313
American Samoa,Western Pacific,8257,14959.146,0,0,0,34,61.598,0,0,0,8/23/2022,111316,44885,201.67,81.318,41423,75.046,"Janssen - Ad26.COV 2-S,Moderna - Spikevax,Pfizer BioNTech - Comirnaty",12/21/2020,3,24160,43.77
Andorra,Europe,46535,60227.787,86,111.305,0,155,200.608,0,0,0,10/16/2022,154320,57898,199.7,76.005,53482,70.208,"AstraZeneca - Vaxzevria,Moderna - Spikevax,Pfizer BioNTech - Comirnaty",1/20/2021,3,42940,56.369
Angola,Africa,103131,313.79,0,0,0,1917,5.833,0,0,0,10/16/2022,22814412,14220830,69.416,43.269,7814121,23.776,SII - Covishield,3/10/2021,1,1127156,3.43
Anguilla,Americas,3866,25769.897,0,0,0,12,79.989,0,0,0,10/21/2022,24434,10852,162.872,72.337,10366,69.097,"AstraZeneca - Vaxzevria,Pfizer BioNTech - Comirnaty",2/5/2021,2,2998,19.984
Antigua and Barbuda,Americas,9106,9298.573,0,0,0,146,149.088,0,0,0,10/21/2022,136512,64290,139.399,65.65,62384,63.703,"AstraZeneca - Vaxzevria,Beijing CNBG - BBIBP-CorV,Gamaleya - Gam-Covid-Vac,Janssen - Ad26.COV 2-S,Pfizer BioNTech - Comirnaty,SII - Covishield",3/1/2021,6,9838,10.046
Argentina,Americas,9717546,21501.006,0,0,0,129979,287.591,0,0,0,10/7/2022,109652736,41324100,242.617,91.434,37840119,83.725,"AstraZeneca - Vaxzevria,Beijing CNBG - BBIBP-CorV,CanSino - Convidecia,Gamaleya - Gam-Covid-Vac,Moderna - Spikevax,Pfizer BioNTech - Comirnaty,SII - Covishield",12/29/2020,7,30810184,68.17
Armenia,Europe,445242,15025.543,142,4.792,142,8709,293.902,3,0.101,3,5/22/2022,2150112,1129669,72.6,38.123,985807,33.268,"AstraZeneca - Vaxzevria,Beijing CNBG - BBIBP-CorV,Gamaleya - Gam-Covid-Vac,Gamaleya - Sputnik-Light,Moderna - Spikevax,Pfizer BioNTech - Comirnaty,Sinovac - CoronaVac,Wuhan CNBG - Inactivated",6/16/2021,8,40725,1.374
Aruba,Americas,43334,40587.828,43,40.275,0,232,217.298,0,0,0,10/21/2022,173634,89915,162.63,84.217,83719,78.414,"Janssen - Ad26.COV 2-S,Pfizer BioNTech - Comirnaty",2/17/2021,2,NA,NA
Australia,Western Pacific,10364859,40646.691,0,0,0,14738,57.796,0,0,0,9/28/2022,63461493,22443557,248.87,88.014,21784904,85.431,"AstraZeneca - Vaxzevria,Janssen - Ad26.COV 2-S,Moderna - Spikevax,Novavax-NUVAXOVID,Pfizer BioNTech - Comirnaty",2/21/2021,5,14265648,55.944
Austria,Europe,5436721,61079.451,37932,426.151,4260,20979,235.691,57,0.64,1,10/16/2022,19596170,6889593,220.2,77.507,6671600,74.953,"AstraZeneca - Vaxzevria,Janssen - Ad26.COV 2-S,Moderna - Spikevax,Novavax-NUVAXOVID,Pfizer BioNTech - Comirnaty,Unknown Vaccine",12/30/2020,6,5359031,60.207
Azerbaijan,Europe,823247,8119.467,293,2.89,45,9944,98.075,7,0.069,0,10/16/2022,13763859,5410598,135.7,53.363,4873700,48.068,"AstraZeneca - Vaxzevria,Gamaleya - Gam-Covid-Vac,Gamaleya - Sputnik-Light,Pfizer BioNTech - Comirnaty,Sinovac - CoronaVac",1/20/2021,5,3479563,34.318
Bahamas,Americas,37369,9502.751,5,1.271,0,833,211.828,0,0,0,10/21/2022,362968,173529,92.301,44.128,165317,42.039,"AstraZeneca - Vaxzevria,Janssen - Ad26.COV 2-S,Pfizer BioNTech - Comirnaty,SII - Covishield",3/14/2021,4,32960,8.382
Bahrain,Eastern Mediterranean,689820,40540.088,2229,130.996,340,1527,89.74,3,0.176,0,10/24/2022,3473218,1240847,204.118,72.923,1226330,72.07,"AstraZeneca - Vaxzevria,Beijing CNBG - BBIBP-CorV,Bharat - Covaxin,CanSino - Convidecia,Gamaleya - Gam-Covid-Vac,Gamaleya - Sputnik-Light,Janssen - Ad26.COV 2-S,Moderna - Spikevax,Pfizer BioNTech - Comirnaty,SII - Covishield,Sinovac - CoronaVac",11/4/2020,11,1006041,59.124
Bangladesh,South-East Asia,2035240,1235.805,892,0.542,88,29423,17.866,8,0.005,0,10/25/2022,318255850,136574231,193.246,82.928,124008941,75.299,"AstraZeneca - Vaxzevria,Beijing CNBG - BBIBP-CorV,Gamaleya - Gam-Covid-Vac,Janssen - Ad26.COV 2-S,Moderna - Spikevax,Pfizer BioNTech - Comirnaty,SII - Covishield,Sinovac - CoronaVac",1/27/2021,8,57672678,35.019
Barbados,Americas,103014,35846.542,0,0,0,560,194.867,0,0,0,10/21/2022,380666,163707,132.463,56.966,154789,53.863,"AstraZeneca - Vaxzevria,Beijing CNBG - BBIBP-CorV,Janssen - Ad26.COV 2-S,Pfizer BioNTech - Comirnaty,SII - Covishield",1/8/2021,5,62170,21.634
Belarus,Europe,994037,10519.666,0,0,0,7118,75.328,0,0,0,10/16/2022,16102869,6512843,170.4,68.924,6407148,67.805,"Beijing CNBG - BBIBP-CorV,Chumakov - Covi-Vac,Gamaleya - Gam-Covid-Vac,Gamaleya - Sputnik-Light",2/3/2021,4,3414776,36.138
Belgium,Europe,4612239,40028.319,4756,41.276,0,32902,285.547,22,0.191,0,10/16/2022,28259334,9248836,245.3,80.268,9152369,79.431,"AstraZeneca - Vaxzevria,Janssen - Ad26.COV 2-S,Moderna - Spikevax,Pfizer BioNTech - Comirnaty",12/30/2020,4,7222211,62.68
Belize,Americas,68943,17338.568,17,4.275,0,687,172.775,0,0,0,10/21/2022,501240,251332,126.058,63.208,220761,55.519,"AstraZeneca - Vaxzevria,Beijing CNBG - BBIBP-CorV,Janssen - Ad26.COV 2-S,Pfizer BioNTech - Comirnaty,SII - Covishield",3/1/2021,5,50990,12.824
Benin,Africa,27782,229.164,0,0,0,163,1.345,0,0,0,10/16/2022,3693045,3207889,30.463,26.461,2691413,22.201,"AstraZeneca - Vaxzevria,Janssen - Ad26.COV 2-S,Pfizer BioNTech - Comirnaty,SII - Covishield,Sinovac - CoronaVac",3/29/2021,5,NA,NA
Bermuda,Americas,18340,29450.966,0,0,0,148,237.663,0,0,0,10/21/2022,132042,48554,212.037,77.97,47657,76.529,"AstraZeneca - Vaxzevria,Pfizer BioNTech - Comirnaty",1/11/2021,2,31829,51.112
Bhutan,South-East Asia,62380,8084.416,49,6.35,49,21,2.722,0,0,0,10/23/2022,2010782,699028,260.596,90.594,677606,87.817,"AstraZeneca - Vaxzevria,Beijing CNBG - BBIBP-CorV,Moderna - Spikevax,Pfizer BioNTech - Comirnaty,SII - Covishield",3/27/2021,5,634148,82.185
Bolivia (Plurinational State of),Americas,1109309,9503.187,71,0.608,0,22239,190.516,0,0,0,10/21/2022,15417972,7411632,132.082,63.494,6216751,53.257,"AstraZeneca - Vaxzevria,Beijing CNBG - BBIBP-CorV,Gamaleya - Gam-Covid-Vac,Janssen - Ad26.COV 2-S,Moderna - Spikevax,Pfizer BioNTech - Comirnaty,SII - Covishield",1/30/2021,7,2289676,19.615
Bonaire,Americas,9516,45498.446,17,81.281,0,31,148.219,0,0,0,10/21/2022,41537,17460,198.599,83.481,15919,76.113,,,NA,8158,39.005
Bosnia and Herzegovina,Europe,399914,12189.471,218,6.645,0,16169,492.835,4,0.122,0,1/29/2022,1924950,943394,58.7,28.755,846080,25.789,"AstraZeneca - AZD1222, Pfizer BioNTech - Comirnaty, Sinovac - CoronaVac, Gamaleya - Sputnik V",,4,NA,NA
Botswana,Africa,326324,13876.52,0,0,0,2782,118.301,0,0,0,10/2/2022,2891400,1589621,122.953,67.597,1378230,58.608,"Bharat - Covaxin,Janssen - Ad26.COV 2-S,Moderna - Spikevax,Pfizer BioNTech - Comirnaty,SII - Covishield,Sinovac - CoronaVac",3/26/2021,6,466951,19.857
Brazil,Americas,34807075,16375.221,24925,11.726,0,687907,323.63,341,0.16,0,10/21/2022,486682379,184955086,228.963,87.013,167279671,78.698,"AstraZeneca - Vaxzevria,Janssen - Ad26.COV 2-S,Pfizer BioNTech - Comirnaty,SII - Covishield,Sinovac - CoronaVac",1/17/2021,5,104507620,49.166
British Virgin Islands,Americas,7305,24159.143,0,0,0,64,211.661,0,0,0,10/21/2022,41453,19466,137.094,64.378,18261,60.393,"AstraZeneca - Vaxzevria,Janssen - Ad26.COV 2-S",2/11/2021,2,3726,12.323
Brunei Darussalam,Western Pacific,237656,54323.979,0,0,0,135,30.859,0,0,0,10/7/2022,1278500,450060,292.243,102.876,445424,101.816,"AstraZeneca - Vaxzevria,Beijing CNBG - BBIBP-CorV,Janssen - Ad26.COV 2-S,Moderna - Spikevax,Pfizer BioNTech - Comirnaty",4/3/2021,5,337552,77.158
Bulgaria,Europe,1278236,18387.964,3900,56.103,121,37860,544.632,39,0.561,0,10/16/2022,4566807,2103303,65.7,30.257,2074596,29.844,"AstraZeneca - Vaxzevria,Janssen - Ad26.COV 2-S,Moderna - Spikevax,Pfizer BioNTech - Comirnaty",12/30/2020,4,814226,11.713
Burkina Faso,Africa,21631,103.481,0,0,0,387,1.851,0,0,0,10/2/2022,4070678,3079151,19.474,14.73,2658480,12.718,"Beijing CNBG - BBIBP-CorV,Janssen - Ad26.COV 2-S,SII - Covishield",6/2/2021,3,NA,NA
Burundi,Africa,50470,424.446,0,0,0,15,0.126,0,0,0,10/16/2022,25258,23330,0.212,0.196,22747,0.191,Beijing CNBG - BBIBP-CorV,10/18/2021,1,49,0
Cabo Verde,Africa,62397,11222.744,0,0,0,410,73.743,0,0,0,9/25/2022,859940,356734,154.669,64.162,308720,55.526,"Beijing CNBG - BBIBP-CorV,Moderna - Spikevax,Pfizer BioNTech - Comirnaty,SII - Covishield",3/18/2021,4,749,0.135
Cambodia,Western Pacific,137988,825.338,9,0.054,3,3056,18.279,0,0,0,10/14/2022,44361693,15207117,265.338,90.957,14564924,87.116,"AstraZeneca - Vaxzevria,Beijing CNBG - BBIBP-CorV,Janssen - Ad26.COV 2-S,Moderna - Spikevax,Pfizer BioNTech - Comirnaty,SII - Covishield,Sinovac - CoronaVac",2/10/2021,7,10242891,61.265
Cameroon,Africa,123629,465.719,0,0,0,1960,7.383,0,0,0,10/9/2022,1901047,1615128,7.161,6.084,1263716,4.761,"Beijing CNBG - BBIBP-CorV,Janssen - Ad26.COV 2-S,Pfizer BioNTech - Comirnaty,SII - Covishield",4/12/2021,4,61387,0.231
Canada,Americas,4314718,11432.093,0,0,0,46025,121.946,0,0,0,10/21/2022,88837589,32862216,235.38,87.07,31496105,83.451,"AstraZeneca - Vaxzevria,Janssen - Ad26.COV 2-S,Moderna - Spikevax,Pfizer BioNTech - Comirnaty,SII - Covishield",12/14/2020,5,19383516,51.358
Cayman Islands,Americas,31006,47178.941,80,121.729,0,34,51.735,0,0,0,10/21/2022,149153,61787,226.952,94.016,60341,91.815,Pfizer BioNTech - Comirnaty,1/15/2021,1,24307,36.986
Central African Republic,Africa,15259,315.937,0,0,0,113,2.34,0,0,0,10/16/2022,1722083,1674402,35.656,34.668,1584909,32.815,"Bharat - Covaxin,SII - Covishield",3/19/2021,2,214090,4.433
Chad,Africa,7620,46.39,7,0.043,0,194,1.181,1,0.006,0,10/2/2022,3879297,3879297,23.617,23.617,3752088,22.843,Beijing CNBG - BBIBP-CorV,6/4/2021,1,NA,NA
Chile,Americas,4737212,24781.137,22114,115.682,0,61607,322.276,58,0.303,0,10/21/2022,62461051,18073806,326.744,94.547,17684866,92.512,"AstraZeneca - Vaxzevria,CanSino - Convidecia,Moderna - Spikevax,Pfizer BioNTech - Comirnaty,Sinovac - CoronaVac",12/21/2020,5,15673751,81.992
China,Western Pacific,8947493,608.141,254520,17.299,33774,28389,1.93,508,0.035,88,10/2/2022,3457953632,1307474015,235.029,88.866,1277277509,86.814,"Anhui ZL - Zifivax,Beijing CNBG - BBIBP-CorV,CanSino - Convidecia,IMB - Covidful,Pfizer BioNTech - Comirnaty,Shenzhen - LV-SMENP-DC,Sinovac - CoronaVac,Wuhan CNBG - Inactivated",7/22/2020,8,776425498,52.772
Colombia,Americas,6309168,12399.39,0,0,0,141827,278.732,0,0,0,10/21/2022,89120782,42816825,175.149,84.148,36745579,72.216,"AstraZeneca - Vaxzevria,Janssen - Ad26.COV 2-S,Moderna - Spikevax,Pfizer BioNTech - Comirnaty,Sinovac - CoronaVac",2/17/2021,5,14267329,28.04
Comoros,Africa,8762,1007.589,37,4.255,0,160,18.399,0,0,0,10/2/2022,835021,438825,96.023,50.463,397080,45.662,"Beijing CNBG - BBIBP-CorV,Bharat - Covaxin,SII - Covishield",4/10/2021,3,NA,NA
Congo,Africa,24775,448.978,0,0,0,386,6.995,0,0,0,7/31/2022,833210,695760,15.1,12.609,654119,11.854,"Beijing CNBG - BBIBP-CorV,Gamaleya - Gam-Covid-Vac,Moderna - Spikevax,SII - Covishield",3/23/2021,4,NA,NA
Cook Islands,Western Pacific,6389,36375.541,0,0,0,1,5.693,0,0,0,5/10/2022,39612,15020,225.529,85.516,14676,83.557,Pfizer BioNTech - Comirnaty,5/17/2021,1,9916,56.456
Costa Rica,Americas,1133096,22243.222,0,0,0,8990,176.478,0,0,0,10/21/2022,12169521,4500155,238.894,88.34,4219797,82.837,"AstraZeneca - Vaxzevria,Moderna - Spikevax,Pfizer BioNTech - Comirnaty",12/24/2020,3,2639586,51.816
Croatia,Europe,1246920,30726.203,2278,56.134,189,17136,422.26,60,1.479,8,10/16/2022,5356347,2317443,132,57.14,2244157,55.3,"AstraZeneca - Vaxzevria,Janssen - Ad26.COV 2-S,Moderna - Spikevax,Novavax-NUVAXOVID,Pfizer BioNTech - Comirnaty,Unknown Vaccine",12/23/2020,6,954118,23.511
Cuba,Americas,1111278,9811.209,11,0.097,0,8530,75.309,0,0,0,10/21/2022,37891606,10707644,334.536,94.535,9996067,88.253,"CIGB - CIGB-66,Finlay - Soberana Plus,Finlay - Soberana-02",,3,8613584,76.047
Cyprus,Europe,599118,67467.863,2821,317.678,0,1194,134.459,3,0.338,0,10/16/2022,1824911,667243,205.5,75.14,655639,73.833,"AstraZeneca - Vaxzevria,Janssen - Ad26.COV 2-S,Moderna - Spikevax,Novavax-NUVAXOVID,Pfizer BioNTech - Comirnaty",12/23/2020,5,485225,54.642
Czechia,Europe,4156923,38871.767,5564,52.029,97,41580,388.818,45,0.421,2,10/16/2022,18215235,6967841,170.3,65.157,6882776,64.361,"AstraZeneca - Vaxzevria,Janssen - Ad26.COV 2-S,Moderna - Spikevax,Novavax-NUVAXOVID,Pfizer BioNTech - Comirnaty",12/23/2020,5,4330325,40.493
Democratic Republic of the Congo,Africa,93085,103.934,0,0,0,1445,1.613,0,0,0,10/16/2022,6134888,5719214,6.85,6.386,3720706,4.154,SII - Covishield,4/19/2021,1,NA,NA
Denmark,Europe,3332764,57236.814,6817,117.075,0,7321,125.731,74,1.271,0,10/16/2022,13189213,4808729,226.5,82.585,4771093,81.939,"AstraZeneca - Vaxzevria,Janssen - Ad26.COV 2-S,Moderna - Spikevax,Pfizer BioNTech - Comirnaty,Unknown Vaccine",12/16/2020,5,3655731,62.783
Djibouti,Eastern Mediterranean,15690,1588.057,0,0,0,189,19.13,0,0,0,10/20/2022,274234,253611,27.756,25.669,233243,23.608,"AstraZeneca - Vaxzevria,Beijing CNBG - BBIBP-CorV,Bharat - Covaxin,CanSino - Convidecia,Gamaleya - Gam-Covid-Vac,Gamaleya - Sputnik-Light,Janssen - Ad26.COV 2-S,Moderna - Spikevax,Pfizer BioNTech - Comirnaty,SII - Covishield,Sinovac - CoronaVac",3/15/2021,11,NA,NA
Dominica,Americas,15760,21891.625,0,0,0,74,102.791,0,0,0,10/21/2022,67647,32995,93.966,45.832,30659,42.587,"AstraZeneca - Vaxzevria,Beijing CNBG - BBIBP-CorV,Moderna - Spikevax,Pfizer BioNTech - Comirnaty,SII - Covishield",2/12/2021,5,3993,5.547
Dominican Republic,Americas,647272,5966.79,0,0,0,4384,40.413,0,0,0,10/21/2022,15821905,7287656,145.852,67.18,6054362,55.811,"AstraZeneca - Vaxzevria,SII - Covishield,Sinovac - CoronaVac",2/16/2021,3,2479887,22.861
Ecuador,Americas,1007901,5712.735,218,1.236,0,35913,203.553,5,0.028,0,10/21/2022,38385395,15277121,217.567,86.59,14157180,80.242,"AstraZeneca - Vaxzevria,CanSino - Convidecia,Pfizer BioNTech - Comirnaty,Sinovac - CoronaVac",1/20/2021,4,7331649,41.555
Egypt,Eastern Mediterranean,515406,503.649,5,0.005,5,24798,24.232,0,0,0,10/23/2022,100118154,53448279,97.834,52.229,39871333,38.962,"AstraZeneca - Vaxzevria,Beijing CNBG - BBIBP-CorV,Bharat - Covaxin,CanSino - Convidecia,Gamaleya - Gam-Covid-Vac,Gamaleya - Sputnik-Light,Janssen - Ad26.COV 2-S,Moderna - Spikevax,Pfizer BioNTech - Comirnaty,Sinovac - CoronaVac",1/24/2021,10,9467053,9.251
El Salvador,Americas,201785,3110.987,0,0,0,4230,65.215,0,0,0,10/21/2022,11250496,4634978,173.453,71.459,4329694,66.752,"AstraZeneca - Vaxzevria,Beijing CNBG - BBIBP-CorV,Moderna - Spikevax,Pfizer BioNTech - Comirnaty,SII - Covishield,Sinovac - CoronaVac",2/17/2021,6,1847442,28.483
Equatorial Guinea,Africa,17074,1216.977,18,1.283,0,183,13.044,0,0,0,7/24/2022,488738,270109,34.836,19.252,214032,15.255,"Beijing CNBG - BBIBP-CorV,Sinovac - CoronaVac",2/12/2021,2,4597,0.328
Eritrea,Africa,10188,287.276,3,0.085,0,103,2.904,0,0,0,7/3/2022,NA,0,NA,0,0,0,,,NA,NA,NA
Estonia,Europe,606633,45646.648,183,13.77,0,2739,206.099,10,0.752,0,10/16/2022,2152705,844142,162,63.518,834837,62.818,"AstraZeneca - Vaxzevria,Janssen - Ad26.COV 2-S,Moderna - Spikevax,Novavax-NUVAXOVID,Pfizer BioNTech - Comirnaty",12/23/2020,5,481619,36.24
Eswatini,Africa,73558,6340.311,32,2.758,0,1422,122.569,0,0,0,9/25/2022,773579,492300,66.678,42.434,490673,42.293,"Janssen - Ad26.COV 2-S,Pfizer BioNTech - Comirnaty,SII - Covishield",3/19/2021,3,147518,12.715
Ethiopia,Africa,493940,429.649,65,0.057,1,7572,6.586,0,0,0,7/31/2022,52509414,43111242,45.675,37.5,36707357,31.93,"Beijing CNBG - BBIBP-CorV,Bharat - Covaxin,Janssen - Ad26.COV 2-S,SII - Covishield",3/13/2021,4,2421781,2.107
Falkland Islands (Malvinas),Americas,1930,55412.001,0,0,0,0,0,0,0,0,6/21/2022,9390,3220,269.595,92.449,2976,85.444,AstraZeneca - AZD1222,,1,2543,73.012
Faroe Islands,Europe,34658,70926.021,0,0,0,28,57.301,0,0,0,2/18/2022,103894,41715,212.614,85.368,40895,83.69,"Moderna - mRNA-1273, Pfizer BioNTech - Comirnaty",,2,21284,43.557
Fiji,Western Pacific,68264,7614.968,7,0.781,0,878,97.942,0,0,0,9/29/2022,1542401,710182,172.058,79.222,638724,71.251,"AstraZeneca - Vaxzevria,Moderna - Spikevax,SII - Covishield",3/7/2021,3,166760,18.602
Finland,Europe,1348737,24410.239,5022,90.891,0,6568,118.872,1,0.018,0,10/16/2022,12916648,4542768,233.8,82.218,4358358,78.88,"AstraZeneca - Vaxzevria,Janssen - Ad26.COV 2-S,Moderna - Spikevax,Pfizer BioNTech - Comirnaty,Unknown Vaccine",12/23/2020,5,3055298,55.297
France,Europe,35723289,54925.647,169664,260.864,0,153243,235.616,445,0.684,0,10/16/2022,153069144,53664707,227.4,79.716,52157654,77.477,"AstraZeneca - Vaxzevria,Janssen - Ad26.COV 2-S,Moderna - Spikevax,Novavax-NUVAXOVID,Pfizer BioNTech - Comirnaty,Unknown Vaccine",12/30/2020,6,40710314,60.473
French Guiana,Americas,94196,31537.22,0,0,0,411,137.605,0,0,0,10/21/2022,239347,100240,80.134,33.561,90783,30.395,"Moderna - Spikevax,Pfizer BioNTech - Comirnaty",1/13/2021,2,46001,15.401
French Polynesia,Western Pacific,76758,27324.96,27,9.612,0,649,231.036,0,0,0,8/29/2022,496275,190658,176.668,67.872,185669,66.096,"Janssen - Ad26.COV 2-S,Pfizer BioNTech - Comirnaty",1/18/2021,2,111840,39.814
Gabon,Africa,48945,2199.05,31,1.393,0,306,13.748,0,0,0,9/18/2022,569829,310579,25.602,13.954,257257,11.558,"Beijing CNBG - BBIBP-CorV,Gamaleya - Gam-Covid-Vac,Pfizer BioNTech - Comirnaty",3/23/2021,3,2581,0.116
Gambia,Africa,12580,520.551,138,5.71,17,372,15.393,0,0,0,8/7/2022,815861,452514,33.76,18.725,357390,14.789,"Beijing CNBG - BBIBP-CorV,SII - Covishield",3/10/2021,2,9007,0.373
Georgia,Europe,1780691,44638.077,0,0,0,16900,423.646,0,0,0,10/2/2022,2720694,1293602,68.2,32.428,1178985,29.555,"AstraZeneca - Vaxzevria,Beijing CNBG - BBIBP-CorV,Pfizer BioNTech - Comirnaty,Sinovac - CoronaVac",3/17/2021,4,248107,6.22
Germany,Europe,35571131,42770.876,336437,404.533,0,153544,184.622,110,0.132,0,10/16/2022,186739714,64797946,224.5,77.913,64887422,78.021,"AstraZeneca - Vaxzevria,Janssen - Ad26.COV 2-S,Moderna - Spikevax,Novavax-NUVAXOVID,Pfizer BioNTech - Comirnaty,Unknown Vaccine",12/23/2020,6,51811037,62.298
Ghana,Africa,170707,549.375,134,0.431,0,1460,4.699,0,0,0,10/9/2022,20152826,11753461,64.857,37.825,8674764,27.917,"Gamaleya - Gam-Covid-Vac,SII - Covishield",3/2/2021,2,2236453,7.197
Gibraltar,Europe,20121,59722.181,0,0,0,108,320.56,0,0,0,4/21/2022,119855,42074,355.748,124.882,41421,122.944,"AstraZeneca - AZD1222, Pfizer BioNTech - Comirnaty",,2,36360,107.922
Greece,Europe,5135200,47909.398,53219,496.512,0,33574,313.232,148,1.381,0,10/16/2022,21583328,7910910,201.4,73.806,7735464,72.169,"AstraZeneca - Vaxzevria,Janssen - Ad26.COV 2-S,Moderna - Spikevax,Novavax-NUVAXOVID,Pfizer BioNTech - Comirnaty",12/23/2020,5,5876425,54.825
Greenland,Europe,11971,21086.099,0,0,0,21,36.99,0,0,0,3/7/2022,79745,41243,140.465,72.647,38502,67.819,Moderna - mRNA-1273,,1,NA,NA
Grenada,Americas,19591,17410.663,0,0,0,237,210.624,0,0,0,10/21/2022,90251,44093,80.207,39.186,38879,34.552,"AstraZeneca - Vaxzevria,Janssen - Ad26.COV 2-S,Moderna - Spikevax,Pfizer BioNTech - Comirnaty,SII - Covishield",2/15/2021,5,7279,6.469
Guadeloupe,Americas,196270,49052.294,0,0,0,993,248.173,0,0,0,10/21/2022,390406,151110,97.571,37.766,145233,36.297,"AstraZeneca - Vaxzevria,Janssen - Ad26.COV 2-S,Moderna - Spikevax,Novavax-NUVAXOVID,Pfizer BioNTech - Comirnaty",1/8/2021,7,87940,21.978
Guam,Western Pacific,49036,29054.066,0,0,0,401,237.594,0,0,0,8/23/2022,368088,155225,218.094,91.972,141014,83.551,"Janssen - Ad26.COV 2-S,Moderna - Spikevax,Pfizer BioNTech - Comirnaty",1/4/2021,3,72131,42.738
Guatemala,Americas,1138242,6353.368,1715,9.573,0,19878,110.954,12,0.067,0,10/21/2022,19814697,8827945,110.6,49.275,6959196,38.844,"AstraZeneca - Vaxzevria,Gamaleya - Gam-Covid-Vac,Moderna - Spikevax,Pfizer BioNTech - Comirnaty,SII - Covishield",2/25/2021,5,3557183,19.855
Guernsey,Europe,32324,50139.604,206,319.538,0,64,99.274,1,1.551,0,7/12/2022,157708,NA,244.63,NA,NA,NA,"Moderna - mRNA-1273, AstraZeneca - AZD1222, Pfizer BioNTech - Comirnaty",,3,NA,NA
Guinea,Africa,38047,289.71,0,0,0,456,3.472,0,0,0,10/16/2022,7619937,5206666,58.022,39.646,2980111,22.692,"Beijing CNBG - BBIBP-CorV,Gamaleya - Gam-Covid-Vac,Janssen - Ad26.COV 2-S,Pfizer BioNTech - Comirnaty,SII - Covishield,Sinovac - CoronaVac",3/5/2021,6,198096,1.508
Guinea-Bissau,Africa,8848,449.593,0,0,0,176,8.943,0,0,0,9/18/2022,673091,640393,34.202,32.54,404228,20.54,"Beijing CNBG - BBIBP-CorV,SII - Covishield",4/2/2021,2,745,0.038
Guyana,Americas,71431,9081.536,9,1.144,0,1281,162.863,0,0,0,10/21/2022,947496,491653,120.462,62.507,378029,48.062,"AstraZeneca - Vaxzevria,Beijing CNBG - BBIBP-CorV,Gamaleya - Gam-Covid-Vac,Janssen - Ad26.COV 2-S,Moderna - Spikevax,Pfizer BioNTech - Comirnaty,SII - Covishield",2/11/2021,7,74541,9.477
Haiti,Americas,33811,296.522,0,0,0,857,7.516,0,0,0,10/21/2022,476304,365708,4.177,3.207,224853,1.972,"Janssen - Ad26.COV 2-S,Moderna - Spikevax",,2,NA,NA
Honduras,Americas,456988,4613.893,0,0,0,11037,111.433,0,0,0,10/21/2022,15588627,6363398,157.388,64.247,5648386,57.028,"AstraZeneca - Vaxzevria,Gamaleya - Gam-Covid-Vac,Janssen - Ad26.COV 2-S,Moderna - Spikevax,Pfizer BioNTech - Comirnaty,SII - Covishield",2/22/2021,6,3577218,36.117
Hungary,Europe,2141513,21920.337,9023,92.359,0,47938,490.689,140,1.433,0,10/16/2022,16490460,6354545,168.8,65.045,6148113,62.932,"AstraZeneca - Vaxzevria,Beijing CNBG - BBIBP-CorV,Gamaleya - Gam-Covid-Vac,Janssen - Ad26.COV 2-S,Moderna - Spikevax,Pfizer BioNTech - Comirnaty,Sinovac - CoronaVac",12/23/2020,7,3861064,39.522
Iceland,Europe,206356,56670.347,54,14.83,0,213,58.495,0,0,0,10/9/2022,851665,307089,233.9,84.335,297677,81.749,"AstraZeneca - Vaxzevria,Janssen - Ad26.COV 2-S,Moderna - Spikevax,Pfizer BioNTech - Comirnaty",12/30/2020,4,253289,69.559
India,South-East Asia,44653592,3235.757,9516,0.69,1326,529024,38.335,47,0.003,8,10/26/2022,2195762231,1025235563,159.113,74.292,950105941,68.848,"Bharat - Covaxin,Biological E - Corbevax,Gamaleya - Gam-Covid-Vac,Janssen - Ad26.COV 2-S,Moderna - Spikevax,SII - Covishield,SII - Covovax,Zydus - ZyCov-D",1/16/2021,8,220420727,15.972
Indonesia,South-East Asia,6493079,2373.864,20415,7.464,2457,158631,57.995,177,0.065,34,10/24/2022,439473016,204306153,160.671,74.694,170944185,62.497,"AstraZeneca - Vaxzevria,Beijing CNBG - BBIBP-CorV,Janssen - Ad26.COV 2-S,Moderna - Spikevax,Novavax-NUVAXOVID,Pfizer BioNTech - Comirnaty,Sinovac - CoronaVac",1/13/2021,7,64222678,23.48
Iran (Islamic Republic of),Eastern Mediterranean,7557437,8997.704,1340,1.595,73,144571,172.123,27,0.032,0,10/23/2022,154595253,65075871,184.057,77.478,58469129,69.612,"AstraZeneca - Vaxzevria,Beijing CNBG - BBIBP-CorV,Bharat - Covaxin,CanSino - Convidecia,Finlay - Soberana-02,Gamaleya - Gam-Covid-Vac,Gamaleya - Sputnik-Light,Janssen - Ad26.COV 2-S,Moderna - Spikevax,Pfizer BioNTech - Comirnaty,Shifa - COVIran Barakat,Sinovac - CoronaVac",2/9/2021,12,31050253,36.968
Iraq,Eastern Mediterranean,2461247,6119.081,0,0,0,25358,63.044,0,0,0,10/23/2022,19394050,11234347,48.217,27.931,7899315,19.639,"AstraZeneca - Vaxzevria,Beijing CNBG - BBIBP-CorV,Bharat - Covaxin,CanSino - Convidecia,Gamaleya - Gam-Covid-Vac,Gamaleya - Sputnik-Light,Janssen - Ad26.COV 2-S,Moderna - Spikevax,Pfizer BioNTech - Comirnaty,Sinovac - CoronaVac",3/2/2021,10,260388,0.647
Ireland,Europe,1672319,33685.955,637,12.831,0,8043,162.012,33,0.665,0,10/9/2022,11663862,4040268,234.9,83.929,4005217,80.678,"AstraZeneca - Vaxzevria,Janssen - Ad26.COV 2-S,Moderna - Spikevax,Novavax-NUVAXOVID,Pfizer BioNTech - Comirnaty",12/30/2020,5,3025769,60.949
Isle of Man,Europe,38008,44698.466,0,0,0,116,136.419,0,0,0,6/23/2022,189994,69560,223.438,81.804,67106,78.919,"Moderna - mRNA-1273, AstraZeneca - AZD1222, Pfizer BioNTech - Comirnaty",,3,53328,62.715
Israel,Europe,4683788,54113.174,5635,65.103,952,11763,135.901,1,0.012,0,6/5/2022,15026951,7055466,173.6,81.514,6385731,73.776,"AstraZeneca - Vaxzevria,Moderna - Spikevax,Pfizer BioNTech - Comirnaty",12/16/2020,3,1585754,18.321
Italy,Europe,23531023,39454.118,182948,306.746,0,179101,300.296,507,0.85,0,10/16/2022,140212718,50437198,235.1,84.572,47513380,79.665,"AstraZeneca - Vaxzevria,Janssen - Ad26.COV 2-S,Moderna - Spikevax,Novavax-NUVAXOVID,Pfizer BioNTech - Comirnaty",12/23/2020,5,42670045,71.544
Jamaica,Americas,151931,5130.781,0,0,0,3320,112.118,0,0,0,10/21/2022,1493518,834720,50.437,28.189,734016,24.788,"AstraZeneca - Vaxzevria,Beijing CNBG - BBIBP-CorV,Janssen - Ad26.COV 2-S,Pfizer BioNTech - Comirnaty,SII - Covishield",3/10/2021,5,44819,1.514
Japan,Western Pacific,22273251,17610.59,265122,209.622,0,46636,36.873,327,0.259,0,9/16/2022,321037169,104184141,253.832,82.374,102772415,81.258,"AstraZeneca - Vaxzevria,Moderna - Spikevax,Novavax-NUVAXOVID,Pfizer BioNTech - Comirnaty",2/17/2021,4,82001133,64.835
Jersey,Europe,61656,57196.928,267,247.69,0,141,130.803,0,0,0,10/16/2022,252511,84128,234.249,78.044,81554,75.656,"Moderna - mRNA-1273, AstraZeneca - AZD1222, Pfizer BioNTech - Comirnaty",,3,73435,68.124
Jordan,Eastern Mediterranean,1746997,17122.161,0,0,0,14122,138.408,0,0,0,8/21/2022,10057975,4821579,98.577,47.256,4558313,44.676,"AstraZeneca - Vaxzevria,Beijing CNBG - BBIBP-CorV,Bharat - Covaxin,CanSino - Convidecia,Gamaleya - Gam-Covid-Vac,Gamaleya - Sputnik-Light,Janssen - Ad26.COV 2-S,Moderna - Spikevax,Pfizer BioNTech - Comirnaty,Sinovac - CoronaVac",1/13/2021,10,682211,6.686
Kazakhstan,Europe,1484932,7908.373,295,1.571,16,19052,101.466,0,0,0,10/9/2022,32989949,12348706,175.7,65.766,13009889,69.287,"Beijing CNBG - BBIBP-CorV,Gamaleya - Gam-Covid-Vac,Pfizer BioNTech - Comirnaty,RIBSP - QazVac,Sinovac - CoronaVac",4/7/2021,5,6540409,34.833
Kenya,Africa,339113,630.658,329,0.612,35,5678,10.56,0,0,0,9/25/2022,21522783,13610115,40.027,25.311,10146842,18.87,"Beijing CNBG - BBIBP-CorV,Janssen - Ad26.COV 2-S,Moderna - Spikevax,Pfizer BioNTech - Comirnaty,SII - Covishield",3/5/2021,5,1568659,2.917
Kiribati,Western Pacific,3430,2871.518,0,0,0,13,10.883,0,0,0,9/26/2022,182923,93685,153.139,78.431,70464,58.991,"AstraZeneca - Vaxzevria,Beijing CNBG - BBIBP-CorV",5/26/2021,2,18774,15.717
Kuwait,Eastern Mediterranean,662073,15503.149,185,4.332,0,2568,60.132,2,0.047,0,10/23/2022,8227208,3447845,192.649,80.735,3339301,78.193,"AstraZeneca - Vaxzevria,Beijing CNBG - BBIBP-CorV,Bharat - Covaxin,CanSino - Convidecia,Gamaleya - Gam-Covid-Vac,Gamaleya - Sputnik-Light,Janssen - Ad26.COV 2-S,Moderna - Spikevax,Pfizer BioNTech - Comirnaty,Sinovac - CoronaVac",12/28/2020,10,1440062,33.721
Kyrgyzstan,Europe,206452,3164.408,53,0.812,53,2991,45.845,0,0,0,10/9/2022,2980022,1468553,45.7,22.509,1299738,19.922,"AstraZeneca - Vaxzevria,Beijing CNBG - BBIBP-CorV,Gamaleya - Gam-Covid-Vac,Moderna - Spikevax,Pfizer BioNTech - Comirnaty,RIBSP - QazVac",3/31/2021,6,211731,3.245
Lao People's Democratic Republic,Western Pacific,216229,2971.991,52,0.715,0,757,10.405,0,0,0,9/30/2022,12388167,5939256,170.271,81.633,5293537,72.758,"AstraZeneca - Vaxzevria,Beijing CNBG - BBIBP-CorV,Gamaleya - Gam-Covid-Vac,Gamaleya - Sputnik-Light,Janssen - Ad26.COV 2-S,Pfizer BioNTech - Comirnaty,SII - Covishield,Sinovac - CoronaVac",11/25/2020,8,1916136,26.337
Latvia,Europe,951164,49859.856,2553,133.828,0,6053,317.297,12,0.629,0,9/18/2022,2847648,1303023,149.3,68.304,1271589,66.656,"AstraZeneca - Vaxzevria,Janssen - Ad26.COV 2-S,Moderna - Spikevax,Novavax-NUVAXOVID,Pfizer BioNTech - Comirnaty",12/30/2020,5,541299,28.375
Lebanon,Eastern Mediterranean,1218630,17854.22,548,8.029,0,10705,156.84,6,0.088,0,10/20/2022,5797147,2733290,84.934,40.046,2408849,35.292,"AstraZeneca - Vaxzevria,Beijing CNBG - BBIBP-CorV,Bharat - Covaxin,CanSino - Convidecia,Gamaleya - Gam-Covid-Vac,Gamaleya - Sputnik-Light,Janssen - Ad26.COV 2-S,Moderna - Spikevax,Pfizer BioNTech - Comirnaty,Sinovac - CoronaVac",2/14/2021,10,655008,9.597
Lesotho,Africa,34490,1609.99,0,0,0,706,32.956,0,0,0,8/14/2022,1102069,1631364,51.444,76.152,872661,40.736,"Beijing CNBG - BBIBP-CorV,Janssen - Ad26.COV 2-S,SII - Covishield",3/10/2021,3,61789,2.884
Liberia,Africa,7996,158.096,3,0.059,0,294,5.813,0,0,0,10/16/2022,4179219,3692705,82.631,73.012,3511588,69.431,SII - Covishield,4/1/2021,1,1987,0.039
Libya,Eastern Mediterranean,507034,7379.02,10,0.146,0,6437,93.68,0,0,0,10/2/2022,3716080,2308724,54.081,33.6,1229888,17.899,"AstraZeneca - Vaxzevria,Beijing CNBG - BBIBP-CorV,Bharat - Covaxin,CanSino - Convidecia,Gamaleya - Gam-Covid-Vac,Gamaleya - Sputnik-Light,Janssen - Ad26.COV 2-S,Moderna - Spikevax,Pfizer BioNTech - Comirnaty,Sinovac - CoronaVac",4/11/2021,10,177468,2.583
Liechtenstein,Europe,20579,53111.209,24,61.94,0,85,219.372,0,0,0,4/10/2022,71104,26681,183.5,68.86,26346,67.995,"Janssen - Ad26.COV 2-S,Moderna - Spikevax,Pfizer BioNTech - Comirnaty",1/6/2021,3,18310,47.255
Lithuania,Europe,1268046,45383.148,2838,101.572,34,9393,336.174,13,0.465,2,10/16/2022,4495684,1954870,160.9,70.118,1905239,68.188,"AstraZeneca - Vaxzevria,Janssen - Ad26.COV 2-S,Moderna - Spikevax,Pfizer BioNTech - Comirnaty,Unknown Vaccine",12/23/2020,5,897820,32.133
Luxembourg,Europe,302221,48269.787,1210,193.257,0,1145,182.876,3,0.479,0,10/16/2022,1318917,469322,210.7,74.959,462706,73.902,"AstraZeneca - Vaxzevria,Janssen - Ad26.COV 2-S,Moderna - Spikevax,Novavax-NUVAXOVID,Pfizer BioNTech - Comirnaty",12/30/2020,5,367245,58.655
Madagascar,Africa,66746,241.038,40,0.144,0,1411,5.096,0,0,0,10/16/2022,2017607,1738967,7.286,6.28,1669079,6.028,"Beijing CNBG - BBIBP-CorV,Janssen - Ad26.COV 2-S,SII - Covishield",5/10/2021,3,238771,0.862
Malawi,Africa,88073,460.393,0,0,0,2683,14.025,0,0,0,10/9/2022,5619203,3748590,29.374,19.595,2949082,15.416,"Janssen - Ad26.COV 2-S,SII - Covishield",3/11/2021,2,197226,1.031
Malaysia,Western Pacific,4900051,15139.502,17992,55.589,3296,36466,112.668,22,0.068,3,10/15/2022,72160624,28105982,222.952,86.838,27514954,85.012,"AstraZeneca - Vaxzevria,Beijing CNBG - BBIBP-CorV,CanSino - Convidecia,Gamaleya - Gam-Covid-Vac,Janssen - Ad26.COV 2-S,Moderna - Spikevax,Pfizer BioNTech - Comirnaty,Sinovac - CoronaVac",2/24/2021,8,16244597,50.19
Maldives,South-East Asia,185364,34292.121,84,15.54,0,308,56.98,0,0,0,10/17/2022,951199,399126,175.971,73.838,385014,71.227,"AstraZeneca - Vaxzevria,Beijing CNBG - BBIBP-CorV,Gamaleya - Gam-Covid-Vac,Janssen - Ad26.COV 2-S,Moderna - Spikevax,Pfizer BioNTech - Comirnaty,SII - Covishield,Sinovac - CoronaVac",2/1/2021,8,167059,30.906
Mali,Africa,32731,161.628,15,0.074,0,742,3.664,0,0,0,10/16/2022,3489536,2550281,17.232,12.593,2026135,10.005,SII - Covishield,3/31/2021,1,NA,NA
Malta,Europe,115338,22414.704,123,23.904,0,808,157.026,0,0,0,10/2/2022,1273626,450426,247.5,87.535,444814,86.445,"AstraZeneca - Vaxzevria,Janssen - Ad26.COV 2-S,Moderna - Spikevax,Pfizer BioNTech - Comirnaty",12/23/2020,4,352052,68.418
Marshall Islands,Western Pacific,15375,25973.916,0,0,0,17,28.719,0,0,0,9/26/2022,103067,43458,174.117,73.416,36633,61.886,"Janssen - Ad26.COV 2-S,Moderna - Spikevax,Pfizer BioNTech - Comirnaty",12/29/2020,3,18559,31.353
Martinique,Americas,223728,59618.669,898,239.298,0,1047,279.003,0,0,0,10/21/2022,394620,150477,105.158,40.099,145282,38.715,Pfizer BioNTech - Comirnaty,,1,92353,24.61
Mauritania,Africa,63349,1362.444,69,1.484,0,997,21.442,0,0,0,10/9/2022,3252274,2006570,69.947,43.155,1424954,30.646,"Beijing CNBG - BBIBP-CorV,SII - Covishield",3/26/2021,2,294874,6.342
Mauritius,Africa,265301,20860.802,0,0,0,1032,81.147,0,0,0,10/16/2022,2609899,1123773,205.218,88.363,1088142,85.561,"Beijing CNBG - BBIBP-CorV,Bharat - Covaxin,SII - Covishield",1/26/2021,3,638510,50.206
Mexico,Americas,7108686,5513.483,1821,1.412,0,330353,256.221,22,0.017,0,10/21/2022,223158993,97179493,173.082,75.372,81849962,63.483,"AstraZeneca - Vaxzevria,CanSino - Convidecia,Gamaleya - Gam-Covid-Vac,Janssen - Ad26.COV 2-S,Moderna - Spikevax,Pfizer BioNTech - Comirnaty,Sinovac - CoronaVac",12/24/2020,7,57014052,44.22
Micronesia (Federated States of),Western Pacific,22203,19303.096,0,0,0,55,47.817,0,0,0,8/20/2022,170346,70204,148.097,61.035,66174,57.531,"AstraZeneca - Vaxzevria,Janssen - Ad26.COV 2-S,Moderna - Spikevax,Pfizer BioNTech - Comirnaty",1/13/2021,4,30537,26.549
Monaco,Europe,14948,38089.899,55,140.149,0,65,165.63,1,2.548,0,1/2/2022,58294,23460,148.5,59.78,23356,59.515,"AstraZeneca - Vaxzevria,Janssen - Ad26.COV 2-S,Moderna - Spikevax,Novavax - Covavax,Novavax-NUVAXOVID,Pfizer BioNTech - Comirnaty",6/30/2021,6,11478,29.248
Mongolia,Western Pacific,984823,30040.753,346,10.554,0,2131,65.003,0,0,0,10/14/2022,5660726,2283006,172.673,69.64,2183583,66.607,"AstraZeneca - Vaxzevria,Beijing CNBG - BBIBP-CorV,Gamaleya - Gam-Covid-Vac,Moderna - Spikevax,Pfizer BioNTech - Comirnaty,SII - Covishield",2/23/2021,6,1055153,32.186
Montenegro,Europe,282722,45014.983,447,71.171,54,2785,443.428,0,0,0,10/16/2022,526813,272544,83.9,43.826,254269,40.888,"AstraZeneca - Vaxzevria,Beijing CNBG - BBIBP-CorV,Gamaleya - Gam-Covid-Vac,Pfizer BioNTech - Comirnaty,Unknown Vaccine",2/24/2021,5,0,0
Montserrat,Americas,1403,28065.613,0,0,0,8,160.032,0,0,0,10/21/2022,4564,2104,91.298,42.088,1950,39.008,AstraZeneca - Vaxzevria,2/8/2021,1,510,10.202
Morocco,Eastern Mediterranean,1265589,3428.799,200,0.542,17,16281,44.109,1,0.003,0,10/24/2022,55307389,25008403,149.842,67.754,23506543,63.685,"AstraZeneca - Vaxzevria,Beijing CNBG - BBIBP-CorV,Bharat - Covaxin,CanSino - Convidecia,Gamaleya - Gam-Covid-Vac,Gamaleya - Sputnik-Light,Janssen - Ad26.COV 2-S,Moderna - Spikevax,Pfizer BioNTech - Comirnaty,Sinovac - CoronaVac",1/28/2021,10,6890156,18.667
Mozambique,Africa,230475,737.392,0,0,0,2224,7.116,0,0,0,10/16/2022,19387285,18541300,62.029,59.322,13525638,43.275,"Beijing CNBG - BBIBP-CorV,Janssen - Ad26.COV 2-S,SII - Covishield",3/8/2021,3,730177,2.336
Myanmar,South-East Asia,631625,1160.866,883,1.623,0,19482,35.806,5,0.009,0,6/18/2022,64549994,34777314,118.637,63.917,27545329,50.626,"Beijing CNBG - BBIBP-CorV,SII - Covishield",1/27/2021,2,2227351,4.094
Namibia,Africa,169891,6686.24,0,0,0,4080,160.573,0,0,0,10/16/2022,959780,594323,37.773,23.39,517365,20.361,"Beijing CNBG - BBIBP-CorV,Janssen - Ad26.COV 2-S,Pfizer BioNTech - Comirnaty,SII - Covishield",3/19/2021,4,159381,6.273
Nauru,Western Pacific,4610,42551.228,0,0,0,1,9.23,0,0,0,7/11/2022,24143,10493,222.845,96.853,8585,79.241,"AstraZeneca - Vaxzevria,SII - Covishield",4/9/2021,2,5065,46.751
Nepal,South-East Asia,1000556,3433.993,61,0.209,6,12019,41.25,0,0,0,10/23/2022,59118206,27290944,202.899,93.665,23389561,80.275,"AstraZeneca - Vaxzevria,Beijing CNBG - BBIBP-CorV,Bharat - Covaxin,Gamaleya - Gam-Covid-Vac,Janssen - Ad26.COV 2-S,Moderna - Spikevax,Pfizer BioNTech - Comirnaty,SII - Covishield",1/27/2021,8,8437701,28.959
Netherlands,Europe,8511830,48897.248,10650,61.18,0,22811,131.041,38,0.218,0,9/11/2022,36105753,12776868,207.4,73.398,11957152,68.689,"AstraZeneca - Vaxzevria,Janssen - Ad26.COV 2-S,Moderna - Spikevax,Novavax-NUVAXOVID,Pfizer BioNTech - Comirnaty,Unknown Vaccine",1/6/2021,6,9417108,54.098
New Caledonia,Western Pacific,74406,26061.829,59,20.666,0,314,109.983,0,0,0,9/26/2022,469252,191568,164.363,67.1,184013,64.453,"Janssen - Ad26.COV 2-S,Pfizer BioNTech - Comirnaty",1/20/2021,2,93671,32.81
New Zealand,Western Pacific,1832894,38009.238,21342,442.575,0,2106,43.673,11,0.228,0,10/14/2022,11804115,4255739,244.785,88.252,4095363,84.927,"AstraZeneca - Vaxzevria,Janssen - Ad26.COV 2-S,Novavax-NUVAXOVID,Pfizer BioNTech - Comirnaty",2/19/2021,4,2710218,56.203
Nicaragua,Americas,15166,228.936,21,0.317,0,245,3.698,0,0,0,10/21/2022,11890941,6097152,179.498,92.039,5793789,87.459,"AstraZeneca - Vaxzevria,CIGB - CIGB-66,Finlay - Soberana Plus,Finlay - Soberana-02,Gamaleya - Gam-Covid-Vac,Gamaleya - Sputnik-Light,Janssen - Ad26.COV 2-S,Pfizer BioNTech - Comirnaty,SII - Covishield",3/3/2021,9,NA,NA
Niger,Africa,9428,38.948,3,0.012,0,314,1.297,0,0,0,10/16/2022,4544735,3742019,18.775,15.459,2990498,12.354,"Beijing CNBG - BBIBP-CorV,SII - Covishield",3/29/2021,2,NA,NA
Nigeria,Africa,266138,129.106,95,0.046,0,3155,1.531,0,0,0,10/16/2022,83127883,57013442,40.326,27.658,44261782,21.472,SII - Covishield,3/5/2021,1,4999691,2.425
Niue,Western Pacific,85,5253.399,0,0,0,0,0,0,0,0,8/2/2022,4180,1650,258.344,101.978,1436,88.752,Pfizer BioNTech - Comirnaty,6/8/2021,1,1094,67.614
North Macedonia,Europe,344075,16515.23,225,10.8,0,9564,459.062,5,0.24,0,10/9/2022,1861953,854335,89.4,41.148,837932,40.358,"AstraZeneca - Vaxzevria,Beijing CNBG - BBIBP-CorV,Gamaleya - Gam-Covid-Vac,Moderna - Spikevax,Pfizer BioNTech - Comirnaty,Sinovac - CoronaVac,Wuhan CNBG - Inactivated",2/17/2021,7,161328,7.77
Northern Mariana Islands (Commonwealth of the),Western Pacific,13171,22883.403,0,0,0,40,69.496,0,0,0,9/19/2022,115886,46340,201.341,80.511,45046,78.263,"Janssen - Ad26.COV 2-S,Moderna - Spikevax,Pfizer BioNTech - Comirnaty",12/19/2020,3,24500,42.566
Norway,Europe,1464513,27284.419,484,9.017,0,4208,78.397,21,0.391,0,10/16/2022,11881760,4344292,221.4,80.936,4058588,75.613,"AstraZeneca - Vaxzevria,Janssen - Ad26.COV 2-S,Moderna - Spikevax,Pfizer BioNTech - Comirnaty",12/23/2020,4,2991787,55.738
Oman,Eastern Mediterranean,398775,7808.972,115,2.252,0,4628,90.627,0,0,0,10/9/2022,7084586,3257098,138.733,63.782,3048323,59.693,"AstraZeneca - Vaxzevria,Beijing CNBG - BBIBP-CorV,Bharat - Covaxin,CanSino - Convidecia,Gamaleya - Gam-Covid-Vac,Gamaleya - Sputnik-Light,Janssen - Ad26.COV 2-S,Moderna - Spikevax,Pfizer BioNTech - Comirnaty,SII - Covishield,Sinovac - CoronaVac",12/29/2020,11,779165,15.258
Pakistan,Eastern Mediterranean,1573725,712.44,406,0.184,0,30624,13.864,1,0,0,10/12/2022,313046883,154424839,141.719,69.91,131238010,59.413,"AstraZeneca - Vaxzevria,Beijing CNBG - BBIBP-CorV,Bharat - Covaxin,CanSino - Convidecia,Gamaleya - Gam-Covid-Vac,Gamaleya - Sputnik-Light,Janssen - Ad26.COV 2-S,Moderna - Spikevax,Pfizer BioNTech - Comirnaty,SII - Covishield,Sinovac - CoronaVac",2/3/2021,11,45222280,20.473
Palau,Western Pacific,5513,30472.032,0,0,0,7,38.691,0,0,0,9/6/2022,50160,20094,277.25,111.066,18403,101.719,"Janssen - Ad26.COV 2-S,Moderna - Spikevax,Pfizer BioNTech - Comirnaty",1/3/2021,3,12856,71.059
Panama,Americas,989608,22935.375,0,0,0,8506,197.137,0,0,0,10/21/2022,8654073,3509310,200.569,81.333,3156571,73.157,"AstraZeneca - Vaxzevria,Pfizer BioNTech - Comirnaty",1/20/2021,2,1740451,40.337
Papua New Guinea,Western Pacific,45465,508.158,100,1.118,0,668,7.466,0,0,0,10/16/2022,490807,356454,5.486,3.984,296607,3.315,"AstraZeneca - Vaxzevria,Beijing CNBG - BBIBP-CorV,Janssen - Ad26.COV 2-S,SII - Covishield",3/30/2021,4,28261,0.316
Paraguay,Americas,717628,10061.327,0,0,0,19598,274.769,0,0,0,10/21/2022,9419313,3967215,132.061,55.621,3518399,49.329,"AstraZeneca - Vaxzevria,Beijing CNBG - BBIBP-CorV,Bharat - Covaxin,Gamaleya - Gam-Covid-Vac,Julphar - Hayat-Vax,Moderna - Spikevax,Pfizer BioNTech - Comirnaty,Sinovac - CoronaVac",2/22/2021,8,1617513,22.678
Peru,Americas,4153605,12597.426,1321,4.006,0,216884,657.785,7,0.021,0,10/21/2022,84691243,29898943,256.859,90.68,28261808,85.715,"AstraZeneca - Vaxzevria,Beijing CNBG - BBIBP-CorV,Moderna - Spikevax,Pfizer BioNTech - Comirnaty",2/9/2021,4,21277537,64.532
Philippines,Western Pacific,4003459,3653.422,8826,8.054,1370,64033,58.434,254,0.232,112,10/13/2022,167252222,77931484,152.629,71.118,73362164,66.948,"AstraZeneca - Vaxzevria,Beijing CNBG - BBIBP-CorV,Bharat - Covaxin,Gamaleya - Gam-Covid-Vac,Gamaleya - Sputnik-Light,Janssen - Ad26.COV 2-S,Julphar - Hayat-Vax,Moderna - Spikevax,Novavax-NUVAXOVID,Pfizer BioNTech - Comirnaty,Sinovac - CoronaVac",3/1/2021,11,20261137,18.49
Pitcairn Islands,Western Pacific,4,8000,0,0,0,0,0,0,0,0,2/28/2022,138,55,276,110,37,74,AstraZeneca - Vaxzevria,5/17/2021,1,23,46
Poland,Europe,6340435,16703.757,5375,14.16,150,118124,311.195,95,0.25,0,10/16/2022,57383999,22901670,151.2,60.334,22625720,59.607,"AstraZeneca - Vaxzevria,Janssen - Ad26.COV 2-S,Moderna - Spikevax,Novavax-NUVAXOVID,Pfizer BioNTech - Comirnaty",12/23/2020,5,12426877,32.738
Portugal,Europe,5508839,53505.125,0,0,0,25128,244.058,0,0,0,10/16/2022,25658974,9760014,249.2,94.891,8873102,86.181,"AstraZeneca - Vaxzevria,Beijing CNBG - BBIBP-CorV,Bharat - Covaxin,Janssen - Ad26.COV 2-S,Moderna - Spikevax,Novavax-NUVAXOVID,Pfizer BioNTech - Comirnaty,Sinovac - CoronaVac",12/23/2020,8,6946902,67.472
Puerto Rico,Americas,978138,34190.432,3432,119.964,0,5248,183.442,15,0.524,0,10/21/2022,7759671,3111819,271.236,108.772,2742280,95.855,"Janssen - Ad26.COV 2-S,Moderna - Spikevax,Novavax-NUVAXOVID,Pfizer BioNTech - Comirnaty",,4,1713344,59.889
Qatar,Eastern Mediterranean,468737,16269.642,3121,108.328,435,684,23.741,0,0,0,10/24/2022,7584081,2844654,263.24,98.737,2844654,98.737,"AstraZeneca - Vaxzevria,Beijing CNBG - BBIBP-CorV,Bharat - Covaxin,CanSino - Convidecia,Gamaleya - Gam-Covid-Vac,Gamaleya - Sputnik-Light,Janssen - Ad26.COV 2-S,Moderna - Spikevax,Pfizer BioNTech - Comirnaty,Sinovac - CoronaVac",,10,1894773,65.767
Republic of Korea,Western Pacific,25557309,49849.259,245718,479.27,18510,29176,56.907,176,0.343,18,9/30/2022,130834289,45113628,255.191,87.994,44678807,87.146,"AstraZeneca - Vaxzevria,Janssen - Ad26.COV 2-S,Moderna - Spikevax,Novavax-NUVAXOVID,Pfizer BioNTech - Comirnaty",2/26/2021,5,33600655,65.538
Republic of Moldova,Europe,593157,14704.076,0,0,0,11887,294.673,0,0,0,9/18/2022,2241785,1101302,55.6,27.301,1071341,26.558,"AstraZeneca - Vaxzevria,Beijing CNBG - BBIBP-CorV,Gamaleya - Gam-Covid-Vac,Janssen - Ad26.COV 2-S,Moderna - Spikevax,Pfizer BioNTech - Comirnaty,Sinovac - CoronaVac",3/3/2021,7,370563,9.186
Romania,Europe,3286394,17002.543,3041,15.733,209,67186,347.595,23,0.119,0,10/16/2022,16083871,8183574,83.2,42.339,8136562,42.095,"AstraZeneca - Vaxzevria,Janssen - Ad26.COV 2-S,Moderna - Spikevax,Pfizer BioNTech - Comirnaty",1/27/2021,4,1761712,9.114
Russian Federation,Europe,21429506,14684.336,49242,33.743,5781,390175,267.363,549,0.376,71,10/21/2022,179202586,85406305,122.8,58.524,77321901,52.984,"SRCVB - EpiVacCorona, Gamaleya - Sputnik V",,2,NA,NA
Rwanda,Africa,132556,1023.423,0,0,0,1467,11.326,0,0,0,10/16/2022,26106436,9349802,201.56,72.187,9279659,71.645,"Beijing CNBG - BBIBP-CorV,Gamaleya - Gam-Covid-Vac,Janssen - Ad26.COV 2-S,Moderna - Spikevax,Pfizer BioNTech - Comirnaty,SII - Covishield,Sinovac - CoronaVac",3/5/2021,7,5562376,42.945
Saba,Americas,732,37868.598,0,0,0,2,103.466,0,0,0,10/21/2022,4471,1687,231.298,87.274,1657,85.722,,,NA,1127,58.303
Saint Helena,Africa,2045,33684.731,13,214.133,0,0,0,0,0,0,5/5/2021,7892,4361,129.995,71.833,3531,58.162,AstraZeneca - AZD1222,,1,NA,NA
Saint Kitts and Nevis,Americas,6548,12310.122,0,0,0,46,86.479,0,0,0,10/21/2022,64225,33794,120.742,63.532,26944,50.654,"AstraZeneca - Vaxzevria,Pfizer BioNTech - Comirnaty,SII - Covishield",2/22/2021,3,3465,6.514
Saint Lucia,Americas,29639,16140.873,3,1.634,0,407,221.645,1,0.545,0,10/21/2022,133286,65297,72.585,35.56,60129,32.745,"AstraZeneca - Vaxzevria,Janssen - Ad26.COV 2-S,Moderna - Spikevax,Pfizer BioNTech - Comirnaty,SII - Covishield",2/17/2021,5,7860,4.28
Saint Vincent and the Grenadines,Americas,9457,8524.428,0,0,0,116,104.561,0,0,0,10/21/2022,72935,37310,65.743,33.631,31432,28.332,"AstraZeneca - Vaxzevria,Gamaleya - Gam-Covid-Vac,Gamaleya - Sputnik-Light,Pfizer BioNTech - Comirnaty,SII - Covishield",2/1/2021,5,4193,3.78
Samoa,Western Pacific,15946,8036.731,0,0,0,29,14.616,0,0,0,9/26/2022,440413,191071,221.967,96.299,177489,89.454,"AstraZeneca - Vaxzevria,Pfizer BioNTech - Comirnaty",4/18/2021,2,71853,36.214
San Marino,Europe,21584,63598.326,110,324.12,0,119,350.639,0,0,0,5/22/2022,69338,26357,204.3,76.501,23633,68.595,"Gamaleya - Gam-Covid-Vac,Pfizer BioNTech - Comirnaty",2/24/2021,2,19348,56.158
Sao Tome and Principe,Africa,6266,2859.111,0,0,0,77,35.134,0,0,0,10/9/2022,227603,127399,103.853,58.131,103440,47.199,"AstraZeneca - Vaxzevria,SII - Covishield",3/15/2021,2,32393,14.781
Saudi Arabia,Eastern Mediterranean,822132,2361.507,1798,5.165,195,9406,27.018,13,0.037,1,9/27/2022,67839503,26892699,194.863,77.247,25290533,72.645,"AstraZeneca - Vaxzevria,Beijing CNBG - BBIBP-CorV,Bharat - Covaxin,CanSino - Convidecia,Gamaleya - Gam-Covid-Vac,Gamaleya - Sputnik-Light,Janssen - Ad26.COV 2-S,Moderna - Spikevax,Pfizer BioNTech - Comirnaty,Sinovac - CoronaVac",1/6/2021,10,15656271,44.971
Senegal,Africa,88679,529.619,0,0,0,1968,11.754,0,0,0,10/2/2022,2469499,1563871,14.749,9.34,1150222,6.869,"Beijing CNBG - BBIBP-CorV,Janssen - Ad26.COV 2-S,SII - Covishield",2/23/2021,3,499879,2.985
Serbia,Europe,2403249,34695.414,6737,97.261,495,17235,248.82,49,0.707,7,9/4/2022,6717622,3396340,97,49.033,3321282,47.949,"AstraZeneca - Vaxzevria,Beijing CNBG - BBIBP-CorV,Gamaleya - Gam-Covid-Vac,Moderna - Spikevax,Pfizer BioNTech - Comirnaty",12/23/2020,5,0,0
Seychelles,Africa,49035,49859.172,0,0,0,171,173.874,0,0,0,9/25/2022,215396,85492,219.016,86.929,81295,82.661,"Beijing CNBG - BBIBP-CorV,Gamaleya - Gam-Covid-Vac,Julphar - Hayat-Vax,SII - Covishield",1/10/2021,4,42875,43.596
Sierra Leone,Africa,7754,97.205,0,0,0,125,1.567,0,0,0,10/16/2022,4714794,3441631,59.105,43.145,2659816,33.344,"Beijing CNBG - BBIBP-CorV,SII - Covishield",3/15/2021,2,NA,NA
Singapore,Western Pacific,2099760,35891.235,35597,608.46,3240,1676,28.648,14,0.239,2,9/28/2022,14695435,5161367,251.189,88.223,5120432,87.524,"AstraZeneca - Vaxzevria,Beijing CNBG - BBIBP-CorV,Moderna - Spikevax,Pfizer BioNTech - Comirnaty",12/30/2020,4,4413636,75.442
Sint Eustatius,Americas,1202,38292.45,6,191.144,0,5,159.286,0,0,0,10/21/2022,4257,1791,135.616,57.056,1686,53.711,,,NA,780,24.849
Sint Maarten,Americas,10922,25469.894,14,32.648,0,88,205.214,1,2.332,0,10/21/2022,65324,29788,152.334,69.465,26515,61.832,"AstraZeneca - Vaxzevria,Moderna - Spikevax,Pfizer BioNTech - Comirnaty",2/22/2021,3,9021,21.037
Slovakia,Europe,1852589,33943.424,1277,23.397,37,20606,377.546,42,0.77,5,10/16/2022,7176980,2838635,131.5,52.01,2790217,51.123,"AstraZeneca - Vaxzevria,Gamaleya - Gam-Covid-Vac,Janssen - Ad26.COV 2-S,Moderna - Spikevax,Novavax-NUVAXOVID,Pfizer BioNTech - Comirnaty",1/6/2021,6,1683402,30.844
Slovenia,Europe,1231922,58778.803,5726,273.205,0,8434,402.412,1,0.048,0,10/16/2022,2999524,1233013,143.1,58.831,1202504,57.375,"AstraZeneca - Vaxzevria,Janssen - Ad26.COV 2-S,Moderna - Spikevax,Novavax-NUVAXOVID,Pfizer BioNTech - Comirnaty",12/23/2020,5,654976,31.251
Solomon Islands,Western Pacific,21544,3136.483,0,0,0,153,22.275,0,0,0,10/9/2022,540361,315969,78.668,46,212173,30.889,"AstraZeneca - Vaxzevria,Beijing CNBG - BBIBP-CorV,Pfizer BioNTech - Comirnaty,SII - Covishield",3/23/2021,4,14725,2.144
Somalia,Eastern Mediterranean,27237,171.375,12,0.076,0,1361,8.563,0,0,0,10/20/2022,7990393,6995177,50.275,44.014,5794542,36.459,"AstraZeneca - Vaxzevria,Beijing CNBG - BBIBP-CorV,Bharat - Covaxin,CanSino - Convidecia,Gamaleya - Gam-Covid-Vac,Gamaleya - Sputnik-Light,Janssen - Ad26.COV 2-S,Moderna - Spikevax,Pfizer BioNTech - Comirnaty,SII - Covishield,Sinovac - CoronaVac",3/16/2021,11,NA,NA
South Africa,Africa,4028160,6791.855,2785,4.696,416,102311,172.506,54,0.091,0,10/16/2022,37716831,23780697,63.594,40.096,20852273,35.159,"Janssen - Ad26.COV 2-S,Pfizer BioNTech - Comirnaty",2/17/2021,2,3766056,6.35
South Sudan,Africa,17780,158.839,0,0,0,138,1.233,0,0,0,10/16/2022,2177752,2127334,19.455,19.005,2085483,18.631,"Janssen - Ad26.COV 2-S,SII - Covishield",4/6/2021,2,NA,NA
Spain,Europe,13511768,28546.423,23753,50.183,0,115078,243.126,220,0.465,0,10/16/2022,103064170,41287568,217.7,87.229,37488975,79.203,"AstraZeneca - Vaxzevria,Janssen - Ad26.COV 2-S,Moderna - Spikevax,Pfizer BioNTech - Comirnaty",12/30/2020,4,26001927,54.934
Sri Lanka,South-East Asia,671070,3133.901,67,0.313,0,16779,78.358,5,0.023,0,10/19/2022,40013344,17133773,186.863,80.015,14696100,68.631,"AstraZeneca - Vaxzevria,Beijing CNBG - BBIBP-CorV,Gamaleya - Gam-Covid-Vac,Moderna - Spikevax,Pfizer BioNTech - Comirnaty,SII - Covishield",1/29/2021,6,8183471,38.217
Sudan,Eastern Mediterranean,63481,144.771,35,0.08,0,4972,11.339,6,0.014,0,5/30/2022,8179010,6651268,18.653,15.168,4536964,10.347,"AstraZeneca - Vaxzevria,Beijing CNBG - BBIBP-CorV,Bharat - Covaxin,CanSino - Convidecia,Gamaleya - Gam-Covid-Vac,Gamaleya - Sputnik-Light,Janssen - Ad26.COV 2-S,Moderna - Spikevax,Pfizer BioNTech - Comirnaty,SII - Covishield,Sinovac - CoronaVac",3/9/2021,11,50234,0.115
Suriname,Americas,81185,13839.17,27,4.603,0,1390,236.946,4,0.682,0,10/21/2022,554588,267820,94.538,45.654,237879,40.55,"AstraZeneca - Vaxzevria,Beijing CNBG - BBIBP-CorV,Moderna - Spikevax,Pfizer BioNTech - Comirnaty,SII - Covishield",2/23/2021,5,48889,8.334
Sweden,Europe,2611580,25287.412,2037,19.724,0,20659,200.037,5,0.048,0,10/16/2022,22750237,7504601,220.3,72.666,7366812,71.331,"AstraZeneca - Vaxzevria,Moderna - Spikevax,Novavax-NUVAXOVID,Pfizer BioNTech - Comirnaty,Unknown Vaccine",12/23/2020,5,5525594,53.503
Switzerland,Europe,4211443,48661.223,3929,45.398,0,13638,157.581,0,0,0,10/9/2022,15844749,6092913,183.1,70.798,5718238,66.445,"Janssen - Ad26.COV 2-S,Moderna - Spikevax,Novavax-NUVAXOVID,Pfizer BioNTech - Comirnaty",12/23/2020,4,4093370,47.564
Syrian Arab Republic,Eastern Mediterranean,57359,327.753,11,0.063,1,3163,18.074,0,0,0,10/16/2022,4777586,3050850,27.299,17.433,2105113,12.029,"AstraZeneca - Vaxzevria,Beijing CNBG - BBIBP-CorV,Bharat - Covaxin,CanSino - Convidecia,Gamaleya - Gam-Covid-Vac,Gamaleya - Sputnik-Light,Janssen - Ad26.COV 2-S,Moderna - Spikevax,Pfizer BioNTech - Comirnaty,SII - Covishield,Sinovac - CoronaVac",4/1/2021,11,75881,0.434
Tajikistan,Europe,17786,186.482,0,0,0,125,1.311,0,0,0,8/21/2022,15441380,5282863,161.9,55.39,5120562,53.688,"AstraZeneca - Vaxzevria,Gamaleya - Gam-Covid-Vac,Moderna - Spikevax,Pfizer BioNTech - Comirnaty,SII - Covishield,Sinovac - CoronaVac",3/24/2021,6,4951036,51.91
Thailand,South-East Asia,4692448,6722.707,2551,3.655,0,32955,47.213,33,0.047,0,9/30/2022,142635014,57005497,204.348,81.67,53486086,76.628,"AstraZeneca - Vaxzevria,Beijing CNBG - BBIBP-CorV,Janssen - Ad26.COV 2-S,Moderna - Spikevax,Pfizer BioNTech - Comirnaty,SII - Covishield,SII - Covovax,Sinovac - CoronaVac",2/28/2021,8,32143431,46.051
The United Kingdom,Europe,23898489,35203.853,18863,27.786,0,193673,285.292,88,0.13,0,9/11/2022,151248820,53813491,222.8,79.068,50762968,74.586,"AstraZeneca - Vaxzevria,Moderna - Spikevax,Pfizer BioNTech - Comirnaty",12/21/2020,3,NA,NA
Timor-Leste,South-East Asia,23301,1767.309,1,0.076,0,138,10.467,0,0,0,10/25/2022,1849389,858569,140.27,65.12,756934,57.411,"AstraZeneca - Vaxzevria,Pfizer BioNTech - Comirnaty,SII - Covishield,Sinovac - CoronaVac",4/7/2021,4,233886,17.74
Togo,Africa,39298,474.687,12,0.145,0,290,3.503,1,0.012,0,10/16/2022,3298931,2170804,39.848,26.221,1442218,17.421,SII - Covishield,3/10/2021,1,135563,1.637
Tokelau,Western Pacific,0,0,0,0,0,0,0,0,0,0,9/5/2022,4924,1494,364.741,110.667,1494,110.667,Pfizer BioNTech - Comirnaty,7/20/2021,1,968,71.704
Tonga,Western Pacific,16182,15310.09,0,0,0,12,11.353,0,0,0,10/10/2022,203004,87242,192.066,82.541,76800,72.662,"AstraZeneca - Vaxzevria,Pfizer BioNTech - Comirnaty",4/14/2021,2,38082,36.03
Trinidad and Tobago,Americas,184713,13198.613,189,13.505,0,4249,303.611,8,0.572,0,10/21/2022,1581817,753588,113.028,53.847,717495,51.268,"AstraZeneca - Vaxzevria,Beijing CNBG - BBIBP-CorV,Janssen - Ad26.COV 2-S,Pfizer BioNTech - Comirnaty,SII - Covishield",2/17/2021,5,168941,12.072
Tunisia,Eastern Mediterranean,1146152,9697.85,108,0.914,0,29257,247.55,0,0,0,10/18/2022,13150936,7209283,111.273,60.999,6384257,54.019,"AstraZeneca - Vaxzevria,Beijing CNBG - BBIBP-CorV,Bharat - Covaxin,CanSino - Convidecia,Gamaleya - Gam-Covid-Vac,Gamaleya - Sputnik-Light,Janssen - Ad26.COV 2-S,Moderna - Spikevax,Pfizer BioNTech - Comirnaty,Sinovac - CoronaVac",3/13/2021,10,1248574,10.564
Turkmenistan,Europe,0,0,0,0,0,0,0,0,0,0,9/4/2022,13514000,3728000,224.1,61.812,3689000,61.165,"Anhui ZL - Zifivax,AstraZeneca - Vaxzevria,Beijing CNBG - BBIBP-CorV,Gamaleya - Gam-Covid-Vac,RIBSP - QazVac,SRCVB - EpiVacCorona,Unknown Vaccine",2/24/2021,7,3340000,55.379
Turks and Caicos Islands,Americas,6429,16604.68,49,126.556,0,36,92.98,0,0,0,10/21/2022,72837,32338,188.122,83.522,30288,78.227,Pfizer BioNTech - Comirnaty,1/11/2021,1,7272,18.782
Tuvalu,Western Pacific,23,195.047,0,0,0,0,0,0,0,0,8/31/2022,25591,9603,217.02,81.437,9322,79.054,AstraZeneca - Vaxzevria,4/13/2021,1,5528,46.879
Uganda,Africa,169378,370.298,0,0,0,3630,7.936,0,0,0,10/9/2022,25783131,18867075,56.368,41.248,12765601,27.908,"Janssen - Ad26.COV 2-S,Moderna - Spikevax,Pfizer BioNTech - Comirnaty,SII - Covishield,Sinovac - CoronaVac",3/10/2021,5,431349,0.943
Ukraine,Europe,5296254,12110.219,16908,38.661,0,110008,251.54,189,0.432,0,2/27/2022,31668577,15774300,72.4,36.069,15153577,34.65,"AstraZeneca - Vaxzevria,Janssen - Ad26.COV 2-S,Moderna - Spikevax,Pfizer BioNTech - Comirnaty,SII - Covishield,Sinovac - CoronaVac",2/24/2021,6,741197,1.695
United Arab Emirates,Eastern Mediterranean,1037347,10488.421,2251,22.759,324,2348,23.74,0,0,0,7/6/2022,24922054,9991089,251.982,101.018,9792266,99.008,"AstraZeneca - Vaxzevria,Beijing CNBG - BBIBP-CorV,Bharat - Covaxin,CanSino - Convidecia,Gamaleya - Gam-Covid-Vac,Gamaleya - Sputnik-Light,Janssen - Ad26.COV 2-S,Moderna - Spikevax,Pfizer BioNTech - Comirnaty,SII - Covishield,Sinovac - CoronaVac",,11,5138699,51.956
United Republic of Tanzania,Africa,39920,66.829,0,0,0,845,1.415,0,0,0,10/9/2022,28091873,23687636,47.028,39.655,21723603,36.367,"Beijing CNBG - BBIBP-CorV,Janssen - Ad26.COV 2-S,Pfizer BioNTech - Comirnaty",7/28/2021,3,NA,NA
United States of America,Americas,95946824,28986.724,0,0,0,1059255,320.014,0,0,0,10/21/2022,625145993,262479511,188.864,79.298,223852280,67.629,"Janssen - Ad26.COV 2-S,Moderna - Spikevax,Novavax-NUVAXOVID,Pfizer BioNTech - Comirnaty",12/14/2020,4,109654499,33.128
Uruguay,Americas,989629,28488.944,0,0,0,7515,216.338,0,0,0,10/21/2022,8742749,3001735,251.682,86.412,2893918,83.309,"AstraZeneca - Vaxzevria,Pfizer BioNTech - Comirnaty,Sinovac - CoronaVac",2/27/2021,3,2064111,59.421
Uzbekistan,Europe,244648,730.965,148,0.442,27,1637,4.891,0,0,0,10/9/2022,69218586,21037140,206.8,62.855,17201955,51.396,"Anhui ZL - Zifivax,Gamaleya - Gam-Covid-Vac,Gamaleya - Sputnik-Light,Moderna - Spikevax,Pfizer BioNTech - Comirnaty,SII - Covishield,Sinovac - CoronaVac,Unknown Vaccine",4/28/2021,8,14334007,42.827
Vanuatu,Western Pacific,11981,3900.763,0,0,0,14,4.558,0,0,0,8/28/2022,292146,144290,95.117,46.978,131300,42.749,"AstraZeneca - Vaxzevria,Beijing CNBG - BBIBP-CorV,Janssen - Ad26.COV 2-S",6/2/2021,3,16556,5.39
Venezuela (Bolivarian Republic of),Americas,545718,1919.114,125,0.44,0,5820,20.467,0,0,0,10/21/2022,37860994,22157232,133.145,77.92,14287370,50.244,"Beijing CNBG - BBIBP-CorV,CIGB - CIGB-66,Finlay - Soberana-02,Gamaleya - Gam-Covid-Vac,Gamaleya - Sputnik-Light,Sinovac - CoronaVac",2/22/2021,6,651502,2.291
Viet Nam,Western Pacific,11502474,11816.973,5487,5.637,305,43163,44.343,4,0.004,0,10/13/2022,260375471,90028108,267.495,92.49,84393196,86.701,"AstraZeneca - Vaxzevria,Beijing CNBG - BBIBP-CorV,CIGB - CIGB-66,Gamaleya - Gam-Covid-Vac,Moderna - Spikevax,Pfizer BioNTech - Comirnaty",3/8/2021,6,55949328,57.479
Wallis and Futuna,Western Pacific,3415,30366.352,0,0,0,7,62.244,0,0,0,7/26/2022,16782,6592,149.226,58.616,6989,62.147,Moderna - Spikevax,3/19/2021,1,3201,28.463
Yemen,Eastern Mediterranean,11939,40.029,0,0,0,2158,7.235,0,0,0,10/20/2022,1139242,914722,3.82,3.067,669393,2.244,"AstraZeneca - Vaxzevria,Beijing CNBG - BBIBP-CorV,Bharat - Covaxin,CanSino - Convidecia,Gamaleya - Gam-Covid-Vac,Gamaleya - Sputnik-Light,Janssen - Ad26.COV 2-S,Moderna - Spikevax,Pfizer BioNTech - Comirnaty,SII - Covishield,Sinovac - CoronaVac",4/20/2021,11,54985,0.184
Zambia,Africa,333669,1815.001,25,0.136,0,4017,21.851,0,0,0,10/16/2022,9315275,8556919,50.671,46.546,6354938,34.568,"Beijing CNBG - BBIBP-CorV,Janssen - Ad26.COV 2-S,SII - Covishield",4/14/2021,3,724977,3.944
Zimbabwe,Africa,257893,1735.143,0,0,0,5606,37.718,0,0,0,10/16/2022,12622764,6542794,84.928,44.021,4902925,32.988,"Beijing CNBG - BBIBP-CorV,Bharat - Covaxin,Gamaleya - Gam-Covid-Vac,Sinovac - CoronaVac",2/18/2021,4,1177045,7.919
